<?xml version="1.0"?>
<pagescount>
	<html_total>44</html_total>
	<html_done>44</html_done>
	<images>8</images>
	<script>5</script>
	<css>2</css>
	<pdf/>
	<documents/>
	<excel/>
	<powerpoint/>
	<flash/>
	<audios/>
	<videos/>
	<xml/>
	<json/>
	<txt/>
	<autocad/>
	<fonts/>
	<scraping_reload>1</scraping_reload>
	<is_pretty_url>false</is_pretty_url>
	<is_ebn>false</is_ebn>
	<email>jeevanp41@gmail.com</email>
	<theme_name>WmdTheme575902</theme_name>
	<server_url_front_page>https://www6.waybackmachinedownloader.com/wdo/files/demo/prashnottar-django.herokuapp.com_jeevanp41_gmail.com_50n30823fm/</server_url_front_page>
	<no_www_url>prashnottar-django.herokuapp.com</no_www_url>
	<hosted_domain/>
	<original_archive_url>https://prashnottar-django.herokuapp.com/</original_archive_url>
	<final_archive_url>https://prashnottar-django.herokuapp.com/</final_archive_url>
	<front_page_code_date/>
	<total_urls_from_api/>
	<max_reached_live>false</max_reached_live>
	<scrape_other_captures>false</scrape_other_captures>
	<total_size>812</total_size>
</pagescount>
